{
    "timeStep": 0.05000000074505806,
    "fieldSize": {
        "x": 512,
        "y": 512,
        "z": 1
    },
    "velocityDissipation": 0.9900000095367432,
    "pressureDissipation": 0.9900000095367432,
    "diffuseIteration": 10,
    "pressureIteration": 200,
    "alpha": -1.0
}