{
    "timeStep": 0.009999999776482582,
    "fieldSize": {
        "x": 512,
        "y": 512,
        "z": 1
    },
    "velocityDissipation": 0.9900000095367432,
    "pressureDissipation": 0.9900000095367432,
    "diffuseIteration": 10,
    "pressureIteration": 50,
    "viscosity": 1.0
}