{
    "timeStep": 0.009999999776482582,
    "fieldSize": {
        "x": 1024,
        "y": 1024,
        "z": 1
    },
    "velocityDissipation": 0.9900000095367432,
    "pressureDissipation": 0.9900000095367432,
    "diffuseIteration": 20,
    "pressureIteration": 20,
    "viscosity": 1.0
}